-113,17,75
-109,11,75
-108,10,74
-91,19,77
-90,16,82
-90,18,80
-79,25,89
-71,21,91
-64,26,100
-64,30,102
-60,32,106
-45,25,105
-48,28,104
-31,45,107
-29,43,103
-13,45,111
-9,57,111
7,63,105
20,64,112
25,77,101
35,77,99
50,84,96
58,80,86
67,87,83
77,95,81
85,89,85
94,96,72
104,102,66
112,102,56
114,100,58
127,113,45
132,118,36
147,103,9
169,111,-3
170,100,-10
171,91,-37
177,75,-47
190,64,-62
187,57,-61
188,54,-76
179,57,-75
180,46,-86
183,51,-95
174,34,-98
182,50,-96
177,47,-101
175,57,-97
180,58,-92
182,72,-90
176,80,-94
184,82,-98
188,90,-104
185,89,-103
186,100,-100
184,104,-100
178,114,-102
185,117,-107
187,119,-111
187,121,-117
188,132,-112
181,127,-117
183,145,-119
192,146,-120
181,143,-117
179,137,-129
182,134,-130
189,139,-139
181,143,-143
185,139,-133
182,148,-130
187,151,-131
175,165,-119
165,177,-117
158,188,-112
158,196,-100
164,202,-82
162,202,-68
155,201,-73
164,198,-80
147,211,-91
154,214,-88
149,215,-85
153,223,-83
143,227,-69
145,221,-67
139,243,-69
130,242,-74
136,238,-78
138,236,-84
142,242,-100
140,246,-90
143,253,-93
127,249,-95
115,263,-81
107,261,-95
102,280,-118
103,283,-143
107,285,-161
94,270,-178
99,285,-191
94,278,-176
92,288,-168
95,279,-141
90,282,-134
88,290,-132
82,286,-124
90,292,-126
90,288,-136
97,289,-141
100,270,-150
104,286,-154
120,274,-144
109,273,-151
113,273,-143
110,272,-130
117,275,-131
120,270,-134
120,272,-136
120,268,-140
123,261,-137
120,256,-136
121,263,-133
121,261,-147
132,262,-168
120,260,-184
124,254,-202
124,238,-222
118,230,-236
126,218,-234
120,220,-240
129,221,-237
131,217,-239
137,213,-239
135,205,-235
132,202,-246
139,191,-241
140,192,-236
141,193,-247
130,198,-246
138,196,-240
135,197,-243
137,189,-245
138,180,-258
132,184,-256
133,185,-251
138,184,-256
138,176,-248
131,181,-249
142,178,-256
135,169,-257
134,176,-268
132,174,-266
126,184,-266
120,182,-268
111,193,-275
109,195,-269
106,212,-276
114,216,-262
106,216,-262
103,225,-255
105,217,-259
104,224,-266
104,216,-264
102,222,-264
98,224,-260
101,231,-247
111,229,-243
112,232,-240
119,235,-231
128,228,-224
140,206,-222
148,192,-222
163,167,-205
170,154,-202
187,125,-187
184,118,-192
184,92,-174
194,70,-168
185,61,-155
178,44,-154
184,20,-138
168,2,-134
153,-21,-131
142,-46,-120
125,-67,-113
104,-82,-112
88,-104,-104
59,-111,-111
38,-118,-104
12,-130,-110
-11,-133,-113
-18,-128,-114
-34,-132,-120
-37,-137,-117
-40,-142,-120
-42,-142,-120
-53,-125,-119
-61,-131,-115
-54,-136,-122
-61,-137,-115
-72,-138,-126
-73,-121,-143
-73,-131,-143
-66,-128,-150
-70,-130,-158
-69,-131,-161
-61,-127,-177
-57,-127,-189
-49,-125,-191
-33,-121,-201
-40,-120,-212
-39,-115,-217
-29,-123,-217
-27,-103,-231
-22,-116,-230
-17,-107,-227
-1,-97,-237
-4,-100,-242
-3,-87,-251
5,-85,-253
12,-90,-254
15,-71,-259
14,-72,-266
12,-66,-276
15,-59,-273
19,-53,-271
21,-45,-277
21,-47,-281
14,-56,-280
18,-32,-288
19,-43,-285
11,-49,-289
17,-41,-297
14,-42,-298
2,-36,-302
12,-38,-304
-5,-35,-301
-15,-33,-311
-11,-39,-313
-15,-23,-311
-18,-22,-310
-29,-25,-315
-39,-27,-321
-41,-27,-315
-37,-23,-323
-57,-21,-321
-53,-21,-319
-62,-28,-314
-56,-26,-314
-66,-26,-322
-71,-25,-323
-73,-31,-309
-76,-28,-314
-89,-39,-313
-92,-34,-300
-92,-34,-308
-98,-38,-306
-104,-32,-310
-106,-44,-304
-98,-42,-304
-116,-46,-306
-110,-38,-298
-112,-50,-294
-124,-46,-302
-121,-49,-295
-124,-46,-298
-129,-41,-287
-127,-55,-283
-125,-45,-293
-139,-49,-287
-131,-53,-283
-129,-49,-289
-130,-52,-286
-136,-52,-282
-133,-53,-285
-130,-54,-294
-124,-58,-282
-126,-54,-280
-128,-52,-290
-133,-47,-285
-118,-56,-284
-123,-51,-277
-120,-54,-280
-126,-58,-284
-126,-62,-274
-111,-65,-285
-110,-60,-272
-107,-61,-285
-103,-59,-283
-102,-62,-276
-97,-67,-279
-99,-59,-285
-93,-59,-277
-90,-60,-282
-88,-60,-284
-83,-55,-287
-76,-64,-280
-70,-56,-282
-77,-57,-287
-69,-51,-291
-67,-65,-293
-65,-57,-291
-66,-44,-290
-65,-57,-297
-65,-45,-293
-68,-54,-306
-58,-48,-294
-55,-49,-291
-62,-50,-308
-63,-41,-303
-62,-44,-304
-68,-42,-308
-74,-44,-302
-73,-39,-307
-71,-39,-309
-76,-38,-308
-78,-32,-312
-76,-34,-312
-87,-27,-315
-79,-27,-313
-80,-22,-306
-90,-30,-312
-106,-22,-314
-103,-27,-315
-111,-21,-315
-108,-20,-312
-123,-15,-319
-129,-21,-313
-126,-14,-314
-143,-19,-305
-139,-13,-307
-154,-12,-312
-153,-15,-303
-166,-14,-300
-172,-14,-286
-177,-9,-285
-182,-10,-286
-190,-2,-282
-199,5,-269
-198,-4,-274
-205,-3,-267
-204,-2,-274
-209,5,-263
-214,2,-266
-214,0,-260
-224,6,-260
-218,12,-248
-232,12,-250
-229,23,-249
-225,21,-249
-232,38,-252
-233,33,-249
-233,39,-253
-232,40,-256
-231,41,-257
-227,47,-263
-233,53,-257
-222,68,-268
-229,75,-265
-234,76,-268
-230,76,-262
-221,81,-261
-234,84,-272
-227,81,-257
-233,91,-263
-229,89,-267
-235,95,-263
-234,86,-264
-233,95,-253
-234,106,-260
-228,92,-264
-237,113,-261
-252,106,-258
-243,111,-251
-249,113,-251
-246,118,-248
-243,125,-237
-248,118,-236
-257,115,-229
-262,124,-218
-264,130,-202
-267,121,-191
-271,131,-179
-277,129,-181
-277,133,-169
-272,136,-162
-273,141,-163
-283,127,-153
-282,130,-148
-278,148,-148
-279,131,-149
-266,132,-142
-282,124,-142
-275,133,-141
-277,125,-145
-278,132,-152
-281,123,-155
-279,125,-151
-284,124,-158
-281,131,-163
-286,128,-164
-274,124,-180
-266,122,-176
-276,124,-178
-266,116,-194
-264,108,-194
-269,117,-201
-265,113,-197
-263,115,-209
-257,115,-211
-250,122,-218
-251,123,-233
-242,126,-230
-248,132,-234
-245,137,-241
-240,136,-242
-238,142,-246
-234,142,-246
-237,149,-253
-228,154,-250
-231,143,-247
-231,149,-253
-225,149,-255
-225,147,-251
-226,154,-252
-231,151,-259
-235,143,-251
-235,149,-255
-231,151,-247
-237,153,-243
-237,153,-241
-240,150,-254
-246,146,-236
-235,147,-235
-249,157,-231
-245,149,-239
-250,150,-226
-254,146,-220
-256,148,-222
-258,140,-214
-256,138,-208
-268,144,-204
-257,135,-199
-266,140,-194
-266,140,-188
-261,137,-195
-266,130,-178
-274,134,-182
-276,126,-176
-280,128,-170
-279,135,-165
-270,124,-154
-278,116,-160
-273,119,-153
-276,116,-148
-275,117,-143
-279,111,-145
-285,107,-151
-283,113,-153
-277,103,-131
-286,102,-140
-273,101,-137
-284,98,-140
-279,103,-155
-282,108,-146
-280,102,-156
-280,102,-154
-281,91,-161
-272,98,-162
-278,104,-170
-264,98,-174
-265,101,-179
-266,100,-186
-270,104,-196
-265,119,-215
-263,115,-215
-259,117,-217
-259,117,-215
-249,117,-223
-251,121,-233
-247,125,-237
-247,127,-237
-240,126,-246
-237,131,-251
-239,129,-251
-235,139,-251
-232,132,-258
-228,142,-256
-226,134,-260
-225,131,-261
-225,135,-259
-230,142,-270
-228,140,-268
-234,130,-264
-231,137,-257
-232,128,-260
-233,135,-259
-240,136,-256
-231,131,-257
-243,121,-261
-245,125,-251
-245,115,-257
-242,106,-244
-239,101,-251
-243,97,-243
-239,81,-257
-230,46,-250
-226,24,-250
-224,8,-258
-223,-1,-245
-213,-7,-245
-209,-21,-235
-207,-27,-235
-203,-39,-229
-205,-49,-225
-197,-53,-209
-184,-66,-212
-180,-76,-198
-174,-82,-190
-169,-89,-185
-174,-94,-182
-161,-93,-163
-169,-103,-157
-156,-104,-144
-155,-107,-145
-151,-107,-131
-150,-114,-128
-136,-112,-128
-139,-111,-131
-135,-119,-131
-117,-121,-125
-126,-126,-114
-111,-127,-111
-118,-126,-114
-112,-130,-108
-120,-128,-104
-110,-124,-102
-104,-116,-104
-91,-121,-87
-86,-124,-94
-86,-128,-82
-83,-123,-81
-86,-118,-72
-64,-114,-70
-62,-120,-58
-60,-122,-70
-55,-115,-69
-44,-126,-68
-42,-122,-76
-42,-124,-74
-28,-128,-84
-26,-130,-84
-19,-133,-81
1,-133,-79
-7,-123,-75
1,-121,-73
9,-109,-75
16,-116,-86
23,-119,-83
22,-112,-92
29,-121,-91
24,-104,-88
25,-123,-81
21,-123,-65
24,-120,-58
22,-110,-50
32,-108,-48
15,-111,-47
10,-116,-40
17,-107,-45
21,-107,-47
28,-116,-48
19,-105,-53
18,-116,-58
19,-115,-57
21,-115,-45
17,-103,-37
8,-98,-34
7,-111,-41
1,-109,-43
6,-116,-44
3,-119,-47
8,-114,-42
10,-108,-32
10,-114,-38
24,-108,-34
20,-110,-36
22,-108,-36
26,-108,-32
29,-101,-27
30,-104,-24
30,-98,-22
30,-102,-24
37,-95,-25
36,-98,-20
36,-98,-14
30,-96,-10
28,-92,-6
25,-93,-9
7,-93,3
4,-90,-4
-7,-95,7
-22,-88,8
-30,-86,6
-42,-86,10
-40,-86,6
-45,-89,3
-62,-86,2
-58,-90,4
-72,-92,4
-74,-92,-2
-81,-97,-11
-71,-89,-11
-72,-90,-14
-69,-97,-17
-73,-103,-23
-69,-99,-21
-68,-100,-26
-67,-113,-35
-64,-110,-40
-68,-110,-46
-65,-115,-43
-68,-106,-42
-61,-109,-45
-57,-117,-59
-58,-112,-60
-56,-116,-54
-52,-116,-68
-43,-119,-71
-39,-123,-75
-31,-131,-81
-28,-122,-72
-23,-127,-79
-27,-131,-83
-17,-121,-79
-13,-121,-77
-13,-123,-63
-13,-119,-67
-5,-119,-55
-4,-112,-48
0,-116,-42
-5,-119,-29
-8,-116,-26
0,-110,-24
0,-104,-20
3,-97,-9
-1,-93,9
-5,-97,1
-9,-93,5
-6,-88,14
-12,-84,22
-7,-79,27
-24,-74,30
-15,-69,39
-27,-71,41
-28,-70,42
-27,-59,49
-33,-61,49
-49,-55,55
-40,-48,56
-58,-54,50
-58,-54,52
-69,-65,49
-74,-62,40
-81,-61,41
-94,-64,40
-87,-79,23
-101,-79,11
-96,-86,2
-109,-95,-3
-108,-84,-4
-100,-94,-12
-95,-87,-7
-98,-92,-14
-97,-87,-17
-96,-102,-18
-94,-98,-18
-91,-101,-25
-87,-107,-33
-84,-100,-40
-75,-109,-47
-74,-112,-40
-71,-115,-51
-58,-112,-58
-58,-108,-54
-38,-116,-58
-32,-118,-54
-26,-120,-58
-11,-113,-53
-16,-110,-52
-11,-115,-59
4,-116,-50
-4,-116,-54
2,-116,-48
1,-113,-43
9,-109,-47
11,-105,-39
3,-101,-27
4,-112,-26
12,-100,-24
12,-100,-12
9,-103,-7
15,-97,-3
19,-85,1
26,-80,20
20,-76,16
27,-73,25
28,-56,40
38,-50,38
46,-46,42
52,-36,48
54,-22,64
56,-16,70
57,1,67
64,0,74
65,9,71
62,10,72
53,15,73
59,17,87
59,27,77
57,35,83
49,41,83
52,44,90
51,45,95
43,59,99
33,57,97
42,58,96
22,50,102
14,44,106
-5,41,105
-10,46,104
-7,31,97
-15,27,97
-23,23,95
-11,27,99
-6,24,102
4,14,92
0,14,86
8,0,86
13,-1,79
23,-7,77
22,-10,74
18,-16,74
39,-23,65
39,-31,63
49,-33,57
46,-38,46
48,-46,44
58,-52,34
57,-65,23
57,-59,19
59,-67,3
68,-68,6
67,-69,3
72,-72,-2
71,-67,7
76,-62,2
74,-74,0
75,-71,-7
77,-69,-9
81,-65,-3
80,-68,-10
83,-69,1
87,-67,-5
95,-57,7
97,-59,-1
96,-54,8
96,-48,10
95,-41,9
102,-40,12
99,-33,11
102,-30,20
109,-23,31
109,-23,25
99,-3,33
102,-8,30
110,-4,42
100,-4,50
101,1,55
95,3,53
99,15,51
90,14,58
90,14,56
82,20,64
81,13,63
78,24,74
69,27,65
75,27,79
70,26,78
57,25,85
56,28,84
46,28,84
56,22,82
42,22,84
50,14,88
49,11,85
48,8,80
45,7,79
44,-4,76
43,-5,75
51,-5,81
52,0,76
64,-2,66
67,-11,57
74,0,64
76,-4,54
79,-9,43
83,-9,45
86,-24,38
82,-26,28
94,-36,20
97,-29,17
103,-33,11
108,-34,4
116,-42,-14
106,-42,-22
124,-54,-46
117,-67,-61
122,-62,-74
122,-64,-76
131,-59,-65
126,-60,-66
127,-49,-77
134,-56,-84
120,-42,-86
118,-66,-88
122,-62,-88
110,-68,-90
116,-84,-104
108,-78,-106
105,-85,-105
96,-86,-112
93,-89,-121
87,-85,-123
93,-97,-121
86,-100,-124
89,-103,-119
80,-92,-120
76,-98,-144
77,-99,-147
67,-105,-157
68,-100,-164
60,-108,-164
50,-112,-174
44,-116,-178
41,-113,-193
21,-107,-187
15,-111,-203
13,-101,-211
8,-108,-220
-1,-101,-233
1,-107,-227
-12,-90,-244
-24,-98,-252
-28,-92,-262
-49,-91,-263
-47,-87,-257
-54,-98,-254
-59,-103,-259
-57,-105,-251
-53,-91,-253
-52,-90,-254
-57,-99,-259
-55,-95,-257
-51,-103,-245
-49,-89,-251
-49,-101,-257
-60,-102,-252
-55,-85,-251
-59,-93,-249
-60,-92,-254
-56,-86,-262
-58,-88,-264
-48,-86,-268
-56,-92,-258
-55,-97,-263
-78,-84,-260
-67,-77,-275
-71,-79,-269
-85,-79,-269
-76,-78,-270
-85,-81,-271
-89,-77,-271
-96,-66,-272
-104,-68,-268
-103,-67,-277
-87,-91,-259
-69,-95,-261
-58,-100,-254
-48,-112,-238
-60,-102,-234
-62,-106,-238
-61,-103,-237
-58,-110,-242
-46,-108,-246
-47,-111,-233
-47,-103,-243
-55,-101,-247
-46,-98,-248
-47,-89,-243
-53,-95,-257
-56,-102,-256
-59,-103,-259
-60,-92,-266
-67,-89,-263
-58,-82,-266
-64,-90,-272
-66,-80,-268
-61,-77,-273
-53,-79,-271
-62,-76,-272
-49,-75,-283
-59,-85,-285
-53,-81,-275
-57,-73,-275
-55,-81,-281
-59,-75,-279
-67,-71,-283
-71,-77,-281
-68,-74,-278
-75,-67,-293
-74,-62,-282
-72,-68,-288
-79,-67,-285
-67,-45,-313
-62,-26,-326
-55,-13,-333
-62,-18,-330
-57,-11,-333
-56,-10,-342
-46,-8,-336
-39,1,-345
-35,17,-353
-13,55,-351
-2,56,-356
-9,73,-359
-3,71,-353
6,60,-356
-1,53,-359
2,64,-354
9,61,-353
6,54,-356
13,39,-351
11,33,-353
4,44,-352
6,44,-350
13,43,-355
9,43,-359
14,48,-356
6,48,-358
6,58,-364
8,54,-354
3,59,-347
-7,47,-353
-28,46,-360
-34,50,-366
-43,69,-361
-52,84,-368
-57,95,-367
-57,107,-367
-57,117,-369
-60,130,-366
-66,136,-366
-63,145,-365
-63,159,-357
-66,172,-360
-73,179,-351
-69,183,-351
-77,191,-347
-70,202,-340
-65,201,-339
-61,209,-343
-43,205,-333
-46,216,-332
-44,220,-326
-31,227,-321
-32,224,-320
-33,231,-313
-27,235,-323
-19,225,-319
-12,234,-306
-13,239,-299
-2,234,-300
5,239,-309
5,241,-311
2,236,-290
13,237,-301
13,237,-289
5,233,-291
18,234,-292
14,232,-292
21,235,-297
19,235,-295
19,235,-293
18,232,-296
10,234,-302
11,227,-295
9,229,-309
11,231,-303
6,240,-298
9,227,-295
9,235,-303
6,228,-310
-3,237,-315
-4,232,-318
-7,223,-311
-4,240,-324
-15,223,-315
-17,221,-319
-18,222,-324
-16,230,-324
-28,220,-328
-41,231,-327
-54,232,-320
-60,228,-318
-56,232,-326
-65,229,-325
-72,230,-326
-70,226,-332
-70,226,-322
-78,228,-320
-77,231,-321
-87,221,-315
-76,226,-316
-83,225,-323
-74,228,-330
-76,224,-324
-66,232,-308
-68,218,-316
-58,234,-316
-65,227,-311
-56,232,-312
-52,238,-316
-51,233,-311
-41,235,-315
-36,238,-310
-34,240,-304
-26,240,-304
-27,241,-301
-15,239,-297
-15,237,-299
-12,246,-298
-13,247,-305
-5,233,-293
-3,243,-295
12,232,-302
4,228,-310
11,229,-301
14,232,-304
7,231,-299
9,227,-305
17,227,-301
15,227,-309
16,228,-308
10,216,-314
3,217,-315
3,223,-313
11,227,-313
3,213,-315
-7,217,-317
-11,215,-333
-12,210,-330
-28,208,-340
-41,207,-337
-46,204,-348
-54,208,-334
-68,202,-342
-71,209,-335
-78,210,-334
-91,203,-337
-89,199,-335
-103,199,-335
-100,198,-334
-110,202,-328
-116,188,-320
-121,189,-333
-130,192,-326
-123,187,-333
-132,174,-322
-130,182,-334
-122,188,-336
-113,187,-335
-114,192,-332
-105,185,-329
-93,191,-331
-98,192,-326
-87,197,-327
-85,199,-327
-74,198,-330
-72,214,-328
-68,210,-328
-69,211,-325
-55,215,-321
-50,216,-318
-42,224,-320
-28,218,-318
-34,212,-318
-32,214,-322
-34,218,-322
-37,221,-325
-29,203,-321
-27,213,-321
-44,212,-324
-37,205,-325
-42,200,-332
-49,195,-329
-54,198,-334
-68,192,-334
-81,193,-343
-95,187,-335
-130,176,-332
-140,184,-336
-154,176,-318
-172,176,-312
-178,180,-302
-201,175,-301
-192,166,-290
-214,166,-276
-227,153,-271
-235,139,-261
-247,141,-255
-251,127,-239
-255,131,-237
-253,121,-225
-262,114,-220
-256,132,-216
-273,119,-201
-270,118,-186
-275,119,-177
-284,120,-178
-278,106,-168
-277,109,-163
-276,112,-156
-284,110,-154
-271,111,-145
-279,103,-151
-272,116,-148
-277,105,-147
-275,99,-155
-280,96,-140
-283,99,-145
-263,89,-147
-277,95,-149
-273,97,-139
-268,98,-142
-272,106,-130
-270,98,-146
-275,101,-143
-268,108,-142
-272,104,-150
-274,108,-144
-269,115,-141
-270,106,-150
-267,117,-147
-276,116,-150
-264,124,-158
-269,131,-151
-266,132,-162
-262,144,-160
-260,168,-162
-253,175,-167
-262,178,-164
-254,174,-162
-254,176,-156
-257,181,-151
-254,184,-156
-251,181,-159
-253,193,-165
-256,184,-162
-253,191,-151
-253,203,-149
-250,212,-144
-255,197,-147
-256,196,-140
-251,201,-131
-252,194,-124
-265,195,-127
-262,190,-116
-260,192,-112
-259,183,-99
-255,175,-101
-263,185,-103
-263,173,-93
-262,176,-94
-268,156,-76
-268,150,-82
-267,139,-69
-263,139,-73
-266,132,-72
-263,129,-67
-263,115,-71
-264,108,-80
-273,107,-77
-267,93,-89
-260,88,-88
-266,84,-82
-259,83,-81
-260,80,-94
-260,72,-96
-266,82,-96
-268,86,-104
-266,90,-100
-269,79,-113
-270,80,-114
-270,86,-120
-267,89,-123
-264,82,-132
-272,102,-138
-271,121,-127
-265,139,-135
-263,155,-151
-253,161,-147
-259,171,-149
-252,168,-170
-258,182,-170
-255,183,-181
-249,189,-183
-249,197,-187
-239,199,-195
-228,200,-206
-229,211,-203
-215,213,-217
-223,215,-219
-217,205,-235
-220,168,-250
-233,159,-255
-227,153,-253
-235,147,-261
-234,154,-256
-229,157,-261
-228,138,-258
-223,137,-275
-215,133,-273
-218,122,-288
-206,94,-288
-206,90,-296
-194,80,-296
-200,64,-288
-207,59,-289
-203,59,-297
-181,33,-295
-180,28,-300
-163,3,-299
-152,-10,-300
-140,-28,-296
-135,-47,-291
-137,-49,-279
-130,-54,-284
-110,-76,-286
-103,-83,-271
-92,-84,-268
-83,-103,-249
-69,-105,-239
-64,-110,-238
-62,-110,-232
-51,-117,-219
-39,-125,-191
-28,-130,-190
-17,-127,-179
-9,-127,-169
-16,-126,-164
-15,-139,-167
-19,-135,-169
-28,-132,-174
-28,-132,-172
-25,-137,-165
-38,-138,-154
-20,-134,-156
-20,-134,-146
-29,-135,-145
-26,-128,-136
-17,-127,-139
-11,-131,-137
-2,-126,-124
7,-131,-119
10,-120,-112
7,-131,-115
18,-126,-116
20,-120,-104
30,-122,-114
41,-117,-119
52,-120,-114
62,-104,-118
72,-104,-124
81,-101,-111
96,-86,-108
112,-72,-102
118,-76,-98
124,-70,-98
109,-69,-91
116,-70,-90
124,-64,-84
120,-64,-78
127,-59,-79
131,-47,-79
142,-36,-66
130,-38,-52
145,-21,-43
138,-22,-30
133,-7,-23
136,0,-6
137,3,-5
134,22,16
122,40,26
126,50,40
104,66,52
108,58,64
104,60,60
93,75,73
86,92,78
75,95,77
67,107,85
67,107,93
59,111,105
54,122,90
46,116,94
33,107,101
32,104,94
23,109,105
17,107,111
3,99,105
-18,72,108
-26,58,110
-36,46,110
-45,35,103
-44,24,106
-47,19,95
-42,6,86
-41,11,83
-39,7,85
-44,-2,78
-34,-8,86
-32,-2,78
-32,-6,88
-26,6,90
-24,6,88
-15,1,93
-3,19,91
-5,21,85
1,21,91
6,16,88
23,21,85
31,17,83
35,21,81
49,21,81
49,25,75
67,31,73
73,35,65
79,35,65
98,32,62
104,34,44
118,38,32
132,28,6
152,12,-38
155,1,-43
163,-5,-63
152,-8,-74
158,-8,-72
152,-6,-78
162,-8,-88
159,-9,-89
151,-9,-89
160,-6,-86
156,-14,-92
153,-13,-93
163,-17,-95
147,-21,-101
159,-35,-99
150,-30,-94
155,-23,-101
146,-20,-100
157,-23,-89
154,-20,-92
154,-30,-88
149,-29,-87
156,-32,-94
148,-26,-92
158,-24,-86
156,-24,-96
160,-18,-82
162,-26,-74
159,-23,-77
142,-34,-74
150,-38,-72
142,-46,-74
142,-50,-72
135,-43,-69
149,-31,-67
147,-39,-67
142,-38,-64
140,-48,-62
122,-50,-62
137,-51,-73
134,-56,-72
138,-52,-80
136,-48,-74
136,-54,-76
136,-46,-84
136,-52,-86
146,-48,-96
139,-63,-99
133,-53,-101
126,-56,-110
136,-58,-104
126,-58,-108
131,-61,-109
134,-58,-106
141,-47,-103
134,-52,-114
135,-39,-103
141,-43,-117
143,-43,-119
147,-39,-117
139,-47,-125
140,-32,-136
152,-42,-130
148,-44,-134
140,-52,-140
129,-51,-129
127,-57,-133
119,-57,-137
133,-65,-135
129,-61,-131
127,-55,-131
127,-53,-145
126,-52,-140
125,-53,-141
129,-49,-137
141,-57,-141
124,-56,-144
125,-49,-145
125,-61,-163
133,-51,-165
129,-49,-173
130,-46,-174
122,-54,-174
124,-44,-174
128,-54,-178
110,-60,-188
121,-51,-189
128,-54,-190
121,-45,-201
129,-43,-195
137,-31,-193
144,-28,-202
143,-21,-201
143,-27,-201
146,-16,-198
140,-16,-206
142,-20,-208
138,-20,-208
136,-24,-222
129,-21,-221
132,-24,-220
119,-25,-225
127,-25,-221
129,-29,-211
119,-31,-219
122,-34,-222
131,-31,-221
131,-35,-217
130,-34,-222
130,-38,-226
122,-34,-210
131,-43,-215
128,-48,-208
121,-47,-209
119,-57,-209
122,-48,-200
117,-65,-201
123,-59,-197
127,-59,-193
123,-67,-197
115,-59,-193
116,-62,-188
109,-71,-193
115,-71,-179
112,-66,-180
108,-68,-184
108,-78,-178
106,-78,-182
112,-76,-176
115,-77,-181
106,-72,-172
109,-75,-163
112,-76,-168
111,-79,-157
113,-79,-155
106,-86,-154
112,-86,-146
111,-71,-149
105,-79,-139
117,-81,-137
109,-79,-145
102,-84,-128
97,-85,-137
97,-85,-137
109,-83,-133
107,-81,-133
110,-84,-132
103,-89,-133
101,-91,-127
100,-76,-134
94,-90,-128
106,-84,-128
103,-83,-131
107,-83,-143
91,-77,-133
103,-81,-137
100,-82,-144
99,-79,-135
107,-83,-133
97,-83,-139
101,-85,-137
100,-84,-132
101,-89,-131
103,-87,-141
100,-96,-130
99,-81,-131
101,-87,-123
106,-92,-128
104,-92,-120
106,-88,-122
112,-86,-124
101,-83,-107
100,-86,-110
102,-86,-116
96,-88,-94
96,-84,-94
101,-95,-93
98,-90,-94
95,-87,-79
98,-84,-86
102,-84,-88
96,-82,-80
96,-84,-74
102,-84,-70
105,-81,-73
106,-80,-68
103,-83,-65
103,-85,-75
100,-78,-68
103,-83,-77
106,-82,-76
100,-84,-74
102,-82,-78
106,-80,-74
103,-85,-85
101,-85,-85
106,-82,-82
105,-79,-91
115,-89,-97
100,-84,-102
109,-81,-103
108,-74,-104
112,-78,-114
111,-75,-113
107,-85,-119
121,-73,-123
108,-72,-124
103,-79,-137
114,-76,-142
104,-80,-156
118,-76,-156
116,-66,-154
114,-66,-168
114,-66,-166
118,-52,-170
123,-57,-173
130,-54,-170
126,-50,-174
127,-55,-175
117,-55,-183
132,-48,-180
129,-45,-187
145,-33,-193
134,-26,-192
144,-22,-198
144,-18,-198
133,-23,-201
131,-23,-207
137,-25,-211
133,-21,-205
139,-17,-207
137,-11,-209
148,-16,-214
137,-19,-213
134,-24,-212
138,-16,-202
136,-20,-212
134,-16,-214
133,-19,-207
139,-25,-209
140,-26,-212
136,-32,-204
135,-35,-203
140,-32,-194
142,-26,-194
138,-28,-192
135,-35,-199
128,-34,-188
131,-29,-191
128,-44,-190
128,-30,-180
133,-43,-185
127,-43,-185
131,-41,-181
132,-54,-174
136,-52,-176
133,-57,-175
131,-63,-167
125,-57,-169
127,-59,-169
128,-62,-168
120,-60,-162
120,-66,-162
119,-77,-159
117,-69,-163
119,-87,-151
108,-88,-154
111,-79,-149
112,-86,-150
108,-90,-150
106,-92,-146
106,-98,-144
101,-93,-151
97,-99,-141
104,-90,-152
97,-89,-143
94,-94,-142
101,-89,-141
90,-90,-144
101,-89,-141
93,-93,-143
91,-93,-143
88,-82,-136
95,-87,-141
98,-84,-140
103,-87,-143
101,-89,-147
113,-77,-137
99,-87,-125
102,-82,-134
106,-76,-130
105,-81,-125
108,-78,-134
106,-78,-124
112,-74,-124
102,-72,-124
103,-79,-127
104,-80,-126
97,-83,-127
102,-76,-132
108,-78,-118
102,-80,-120
98,-84,-120
95,-83,-123
99,-91,-113
93,-81,-119
100,-94,-124
106,-86,-124
108,-80,-120
105,-89,-127
96,-88,-132
102,-86,-130
99,-87,-127
100,-82,-122
105,-87,-115
107,-89,-125
105,-89,-109
108,-88,-110
100,-86,-98
98,-98,-106
99,-93,-101
94,-96,-94
98,-90,-102
103,-95,-97
103,-89,-97
100,-86,-88
102,-90,-96
104,-94,-92
99,-85,-87
92,-86,-80
100,-90,-80
101,-95,-75
96,-86,-74
100,-88,-70
101,-81,-67
103,-77,-61
110,-82,-66
110,-78,-68
115,-85,-67
108,-70,-74
115,-71,-61
117,-71,-65
108,-70,-56
120,-70,-60
112,-76,-64
109,-69,-59
118,-78,-70
120,-70,-74
110,-74,-80
119,-73,-83
115,-73,-77
115,-69,-83
112,-80,-94
117,-73,-101
121,-69,-107
119,-75,-113
112,-68,-114
118,-64,-124
117,-63,-133
120,-64,-132
126,-62,-136
125,-59,-141
126,-58,-148
132,-48,-140
133,-49,-149
137,-51,-153
134,-38,-158
141,-37,-157
134,-30,-168
140,-34,-170
133,-35,-181
133,-35,-179
130,-36,-190
127,-37,-187
131,-35,-195
124,-32,-196
132,-32,-204
126,-34,-196
131,-41,-205
129,-37,-203
129,-35,-203
125,-41,-205
122,-40,-196
119,-37,-203
131,-31,-205
128,-40,-204
122,-52,-206
124,-44,-196
114,-56,-202
114,-50,-192
118,-48,-206
119,-51,-201
112,-54,-198
120,-56,-196
120,-60,-192
122,-66,-192
121,-55,-197
117,-63,-193
111,-63,-189
120,-68,-182
116,-76,-182
111,-73,-169
122,-76,-180
117,-67,-177
109,-73,-173
113,-77,-175
115,-79,-173
107,-79,-165
98,-88,-160
98,-80,-164
111,-91,-165
92,-86,-156
98,-90,-154
112,-82,-146
92,-98,-158
101,-93,-147
96,-92,-146
91,-103,-141
97,-91,-145
88,-98,-132
99,-95,-139
89,-95,-137
95,-93,-129
96,-94,-124
103,-95,-117
101,-87,-121
102,-88,-116
102,-84,-112
107,-81,-117
108,-76,-104
112,-82,-104
113,-77,-99
108,-74,-98
112,-78,-100
103,-75,-105
101,-79,-97
108,-74,-100
106,-82,-98
102,-84,-102
103,-85,-99
101,-85,-105
97,-79,-97
102,-80,-106
97,-85,-105
94,-88,-106
99,-77,-109
99,-91,-107
98,-90,-112
91,-97,-113
96,-82,-122
86,-96,-120
93,-95,-117
95,-103,-119
87,-99,-119
86,-92,-114
91,-97,-113
94,-100,-110
87,-103,-109
87,-105,-101
87,-91,-95
82,-98,-102
88,-94,-96
89,-95,-91
100,-90,-90
87,-99,-81
84,-92,-76
86,-96,-74
92,-92,-72
96,-88,-66
95,-87,-69
97,-91,-59
96,-82,-66
86,-82,-58
91,-77,-55
90,-88,-52
97,-83,-55
96,-80,-44
94,-78,-44
92,-74,-36
96,-76,-38
104,-76,-34
98,-72,-34
100,-76,-26
99,-73,-37
104,-72,-38
103,-63,-31
103,-67,-39
106,-60,-32
105,-63,-33
115,-71,-43
116,-68,-40
121,-67,-37
111,-65,-51
108,-64,-44
116,-68,-48
108,-58,-46
104,-64,-52
112,-68,-56
107,-75,-53
112,-70,-58
113,-73,-59
104,-72,-62
107,-77,-65
112,-72,-74
115,-67,-71
116,-60,-80
118,-64,-88
121,-61,-97
115,-61,-95
122,-56,-114
128,-60,-104
122,-48,-120
130,-52,-120
135,-41,-115
126,-42,-130
134,-40,-124
143,-37,-133
140,-26,-132
143,-39,-125
146,-26,-130
145,-19,-135
140,-26,-142
149,-31,-141
146,-20,-146
147,-19,-139
148,-24,-136
153,-25,-153
156,-22,-148
163,-23,-145
154,-20,-138
156,-20,-146
153,-17,-139
153,-27,-145
158,-26,-150
155,-25,-133
140,-32,-142
153,-25,-145
156,-36,-136
150,-26,-132
154,-28,-138
137,-29,-137
146,-32,-136
146,-44,-144
145,-43,-131
143,-49,-131
145,-53,-117
142,-50,-120
142,-48,-112
141,-53,-109
128,-60,-112
127,-69,-111
126,-74,-114
117,-73,-123
120,-80,-110
110,-86,-112
113,-77,-115
113,-81,-109
122,-84,-116
119,-77,-103
114,-70,-96
114,-72,-90
120,-66,-84
122,-62,-88
128,-60,-80
132,-54,-84
131,-57,-77
127,-55,-85
125,-59,-77
123,-65,-79
125,-59,-75
117,-55,-77
119,-67,-77
117,-63,-83
128,-66,-70
110,-74,-84
112,-70,-78
111,-69,-77
114,-74,-80
108,-70,-78
100,-76,-86
108,-74,-86
98,-80,-88
103,-77,-91
105,-81,-93
100,-84,-86
103,-79,-103
99,-83,-107
100,-80,-102
98,-80,-94
97,-79,-101
97,-89,-103
97,-85,-95
91,-83,-103
91,-97,-103
91,-89,-99
92,-92,-106
81,-91,-95
86,-96,-94
85,-93,-97
83,-95,-89
88,-92,-86
83,-95,-87
87,-93,-81
85,-91,-71
79,-93,-69
88,-96,-72
84,-92,-72
89,-97,-63
84,-94,-62
89,-89,-57
81,-83,-47
79,-89,-31
92,-88,-24
85,-79,-23
87,-73,-19
82,-68,-10
89,-69,-17
78,-60,-18
94,-66,-8
95,-65,-17
99,-55,-15
99,-61,-17
99,-67,-9
96,-58,-10
106,-50,-6
106,-54,-6
104,-50,-12
115,-45,-7
101,-45,-7
110,-40,2
108,-44,0
104,-48,-8
96,-46,-10
100,-48,0
95,-49,1
94,-50,0
93,-43,5
96,-46,10
88,-50,18
86,-44,14
90,-42,22
90,-34,28
94,-32,32
90,-26,32
94,-16,32
90,-20,34
94,-26,30
84,-22,38
86,-26,36
86,-26,26
86,-26,26
97,-33,27
95,-27,25
92,-36,14
85,-35,11
88,-44,-2
101,-39,-3
100,-48,-8
104,-42,-18
104,-48,-20
111,-49,-19
111,-49,-23
108,-48,-26
105,-43,-31
117,-45,-35
116,-40,-22
118,-38,-32
117,-49,-23
119,-43,-35
118,-44,-38
126,-42,-34
127,-27,-37
123,-31,-41
135,-35,-37
133,-37,-45
131,-35,-45
140,-36,-42
136,-28,-44
143,-37,-45
131,-35,-47
126,-32,-34
139,-35,-43
132,-34,-34
135,-41,-29
137,-37,-29
128,-40,-32
128,-44,-40
121,-39,-31
129,-27,-15
122,-32,-12
126,-26,-6
117,-15,-1
126,-12,0
121,-19,3
122,-22,6
120,-26,14
115,-19,11
116,-22,20
118,-20,22
111,-13,27
102,-6,34
105,-5,35
97,1,45
94,-6,54
93,1,63
87,7,69
78,6,62
84,22,78
78,24,72
73,13,75
64,14,72
73,23,73
61,11,93
58,16,82
46,18,90
42,8,96
46,20,90
38,22,88
28,18,106
28,10,96
18,22,90
15,25,103
3,23,95
9,19,105
3,17,93
-2,20,92
3,7,97
0,16,86
6,20,100
-2,14,88
9,13,103
-2,12,100
-2,16,90
2,22,98
3,23,93
4,16,96
8,12,88
8,16,88
14,6,88
10,18,90
15,7,89
16,18,80
13,23,91
24,12,82
21,11,91
23,15,83
24,14,82
24,10,76
31,17,83
28,16,74
27,19,89
31,15,85
38,6,80
26,6,82
37,1,77
31,1,71
45,-7,65
42,-2,68
47,-5,67
51,-3,59
57,-3,67
55,3,57
65,-3,51
76,-8,56
71,-11,55
75,-9,43
80,-10,46
85,-17,41
90,-8,32
103,-11,27
95,1,25
102,-12,24
110,-10,26
113,-11,21
108,-8,18
119,-9,15
110,-12,18
117,-9,13
117,-7,9
118,-6,8
122,-2,12
120,-2,12
115,-1,11
122,-2,14
128,-2,10
113,7,21
113,1,21
115,-1,19
110,2,30
111,-3,31
111,-7,27
109,7,29
112,4,30
108,8,34
106,16,46
106,12,40
109,17,41
103,15,41
111,27,39
114,12,44
110,20,44
115,17,35
124,10,30
128,22,28
127,17,15
133,23,17
140,22,10
140,16,8
147,11,3
142,4,-8
146,-2,-10
154,-6,-16
155,3,-23
151,-1,-21
145,-7,-29
159,-11,-29
153,-13,-33
157,-13,-45
148,-22,-40
156,-18,-52
155,-19,-49
145,-21,-49
157,-17,-61
161,-13,-65
162,-18,-64
154,-24,-70
152,-22,-70
159,-25,-75
154,-26,-76
155,-23,-85
160,-26,-82
152,-26,-88
147,-31,-87
158,-24,-90
152,-28,-102
139,-29,-105
150,-32,-114
145,-39,-121
152,-32,-122
143,-39,-121
140,-38,-120
151,-39,-113
147,-41,-113
138,-44,-102
135,-43,-93
143,-49,-99
135,-49,-93
143,-49,-91
131,-51,-89
132,-54,-80
130,-48,-74
125,-53,-61
121,-59,-53
120,-44,-44
120,-42,-48
116,-56,-38
111,-49,-37
105,-51,-29
99,-57,-27
103,-55,-15
96,-48,-16
99,-49,-3
94,-46,2
87,-39,15
83,-33,17
85,-33,19
75,-33,37
74,-32,34
73,-19,39
77,-23,43
77,-17,47
72,-10,46
75,-3,45
77,-7,49
73,-3,63
81,-3,59
79,-1,59
78,8,62
75,5,57
81,13,59
79,17,67
81,13,67
70,14,74
65,17,85
59,21,79
51,17,77
47,19,87
46,2,84
35,21,85
33,17,83
30,22,94
31,11,85
20,18,98
12,20,92
7,21,95
-6,8,96
-13,11,99
-17,1,95
-22,-2,90
-22,-6,78
-31,-7,85
-34,-10,80
-35,-15,93
-38,-14,82
-34,-26,84
-30,-18,72
-38,-32,70
-35,-31,65
-37,-43,61
-28,-54,58
-26,-58,54
-20,-52,44
-9,-53,35
4,-56,36
9,-63,35
18,-62,36
32,-64,20
35,-59,21
44,-68,24
47,-77,9
52,-72,4
58,-70,-8
62,-62,2
70,-70,-12
75,-71,-11
79,-65,-23
80,-68,-30
97,-77,-31
86,-66,-36
96,-68,-36
97,-63,-51
105,-67,-45
104,-74,-48
106,-76,-52
108,-70,-52
107,-71,-55
108,-66,-50
106,-62,-50
99,-65,-39
109,-61,-39
105,-65,-29
97,-67,-21
99,-55,-19
100,-56,4
91,-43,-3
96,-28,22
91,-25,29
100,-8,36
92,2,34
100,2,36
107,1,39
112,10,36
115,23,33
120,26,28
133,19,21
132,24,22
138,34,18
135,19,9
144,28,4
146,24,0
149,21,1
149,27,-13
161,15,-21
160,10,-22
153,-1,-33
153,9,-43
149,-7,-47
164,-8,-58
156,-20,-62
152,-28,-66
159,-23,-83
158,-20,-80
150,-24,-94
159,-37,-99
163,-23,-89
155,-21,-107
160,-22,-110
160,-26,-120
151,-27,-117
158,-28,-122
156,-34,-112
155,-25,-101
153,-23,-97
154,-28,-102
151,-35,-101
152,-38,-100
147,-39,-83
151,-31,-81
142,-32,-78
139,-25,-61
138,-26,-60
138,-24,-48
142,-30,-40
135,-31,-35
127,-31,-35
120,-28,-16
115,-31,-7
120,-36,0
100,-16,8
108,-6,20
103,1,33
99,5,47
86,6,56
85,15,67
72,18,62
68,22,66
66,16,72
59,27,81
59,29,81
48,28,84
30,22,80
23,23,95
18,26,92
8,24,98
6,12,88
4,16,88
-14,12,88
-12,8,90
-26,8,98
-18,0,90
-24,-6,78
-27,-15,75
-31,-11,75
-30,-26,68
-36,-32,74
-28,-36,66
-23,-39,59
-13,-43,57
-13,-57,51
-15,-65,39
1,-65,37
-3,-65,27
7,-69,25
13,-65,19
21,-79,5
25,-87,-3
33,-75,-3
42,-86,-14
41,-85,-13
48,-92,-30
53,-85,-27
61,-85,-37
64,-82,-38
62,-84,-54
70,-90,-48
68,-84,-42
74,-90,-46
74,-86,-46
72,-88,-56
77,-89,-65
72,-86,-66
75,-93,-83
73,-101,-77
72,-104,-82
65,-101,-75
58,-102,-56
59,-91,-61
57,-91,-35
55,-91,-13
52,-80,-10
52,-72,-4
50,-72,12
52,-62,26
44,-52,38
42,-34,44
44,-34,64
48,-16,66
56,-10,68
57,-1,69
72,-2,68
60,8,62
77,15,61
80,12,70
91,9,63
93,17,65
106,22,52
116,18,50
117,25,43
120,20,40
124,24,26
122,26,32
127,29,27
145,23,17
138,16,14
142,16,8
149,21,5
150,18,-10
159,9,-15
159,9,-25
157,-5,-35
149,-13,-41
153,-23,-45
150,-32,-56
146,-34,-62
139,-41,-79
143,-41,-89
132,-46,-96
138,-54,-106
140,-52,-110
138,-48,-114
148,-42,-124
142,-42,-128
146,-36,-128
147,-47,-141
142,-38,-130
139,-47,-131
141,-43,-131
138,-46,-124
139,-53,-125
134,-60,-136
125,-57,-127
126,-60,-120
136,-52,-120
129,-57,-103
130,-52,-88
136,-50,-82
127,-55,-71
123,-57,-61
109,-67,-51
108,-64,-48
113,-61,-39
105,-63,-29
94,-44,-2
91,-43,11
82,-34,30
84,-24,44
69,-23,53
64,-12,56
60,2,64
51,3,69
45,13,81
39,19,81
39,25,87
30,24,88
23,17,89
13,9,93
8,12,90
8,10,86
0,4,80
-6,12,86
-5,-3,81
-17,-1,87
-21,-1,85
-18,-10,78
-11,-13,73
-14,-38,70
-19,-33,61
-14,-48,48
-13,-51,51
-10,-54,48
-5,-69,33
-7,-67,31
-6,-68,22
14,-68,14
7,-75,7
15,-85,23
7,-79,7
24,-80,-2
23,-83,-3
28,-90,-6
42,-92,-4
37,-93,-17
36,-82,-16
48,-84,-34
59,-97,-37
49,-91,-41
56,-88,-44
66,-98,-44
61,-89,-39
52,-90,-38
59,-97,-41
60,-92,-32
57,-95,-33
49,-87,-29
58,-82,-16
48,-80,-2
52,-80,2
48,-76,10
47,-63,33
57,-45,45
49,-33,47
52,-24,54
55,-13,63
49,-15,67
48,-10,74
56,2,60
68,2,66
70,20,66
74,22,68
82,20,68
95,25,69
92,26,66
94,30,66
110,32,58
103,35,61
126,42,52
125,41,39
134,46,38
135,39,27
144,34,14
145,33,13
151,27,5
155,27,-3
148,16,-14
155,1,-19
156,0,-34
150,-12,-42
154,-8,-52
161,-19,-67
152,-22,-64
157,-27,-77
144,-26,-94
149,-27,-93
147,-39,-101
147,-31,-103
152,-36,-112
147,-35,-113
145,-39,-119
148,-42,-122
155,-35,-119
155,-41,-123
145,-41,-115
140,-34,-124
142,-38,-114
141,-35,-119
139,-43,-105
135,-51,-109
130,-42,-96
123,-67,-95
130,-52,-88
126,-62,-92
123,-69,-79
117,-61,-79
111,-59,-77
107,-71,-77
109,-75,-73
106,-76,-54
99,-77,-65
94,-78,-58
83,-75,-55
75,-79,-41
77,-75,-35
82,-72,-30
69,-77,-13
71,-75,-17
69,-67,-11
71,-63,-11
62,-70,-10
71,-67,-7
71,-65,-9
72,-72,-10
75,-67,-7
82,-64,-10
71,-73,-21
68,-68,-14
76,-62,-20
74,-82,-22
79,-65,-17
80,-64,-14
82,-66,-18
83,-59,-13
90,-50,-4
99,-55,-5
91,-45,-1
93,-41,3
97,-35,7
102,-30,16
100,-26,12
104,-26,32
102,-10,26
104,0,38
104,6,42
110,2,40
102,10,38
103,15,45
101,17,53
104,34,48
101,37,61
99,31,63
94,40,64
100,52,54
90,58,66
87,55,71
90,52,76
79,65,75
73,67,87
63,81,85
58,78,94
60,84,90
59,81,87
56,88,92
52,90,94
41,91,99
41,87,101
41,89,99
27,81,93
29,75,101
29,67,93
18,60,100
18,56,108
15,53,105
25,33,91
25,35,97
17,27,91
16,20,86
20,8,86
22,-14,80
23,-17,67
42,-30,54
37,-39,45
58,-46,28
64,-48,26
71,-53,17
70,-58,2
75,-55,3
81,-59,-11
86,-64,-16
88,-60,-20
91,-67,-17
100,-64,-20
104,-60,-34
104,-54,-36
112,-56,-44
103,-45,-41
110,-58,-52
124,-58,-58
116,-54,-64
121,-57,-61
124,-54,-74
128,-50,-74
133,-49,-75
132,-48,-80
135,-53,-89
129,-61,-101
126,-60,-114
122,-62,-122
115,-65,-139
121,-65,-127
120,-62,-128
124,-58,-138
110,-80,-134
97,-79,-135
87,-97,-135
75,-109,-133
70,-112,-130
61,-111,-133
63,-111,-117
62,-116,-122
64,-108,-124
59,-115,-121
62,-114,-124
69,-115,-109
66,-112,-116
69,-107,-105
84,-98,-96
89,-91,-81
101,-77,-39
100,-64,-44
104,-68,-30
103,-65,-19
99,-57,-9
113,-47,-3
102,-32,6
98,-30,28
79,-9,39
82,10,62
57,35,79
43,31,81
20,54,92
8,56,102
-16,66,110
-17,73,101
-36,82,104
-44,94,110
-50,84,108
-68,82,108
-77,81,119
-91,79,109
-104,80,108
-116,76,100
-120,86,92
-140,82,92
-134,86,80
-139,107,79
-141,107,89
-139,109,87
-138,108,84
-133,107,85
-126,122,88
-122,128,94
-106,140,92
-83,143,101
-62,150,112
-39,157,113
-17,159,103
8,152,108
30,150,100
47,153,93
62,144,90
82,132,78
100,126,68
114,110,60
132,106,38
142,94,34
163,65,-5
166,58,-26
166,42,-40
181,17,-71
159,5,-87
168,4,-112
161,-13,-127
155,-17,-149
147,-29,-159
142,-34,-180
134,-36,-186
115,-45,-209
111,-55,-215
101,-47,-225
87,-43,-255
87,-39,-259
74,-36,-270
60,-20,-302
66,-8,-306
58,4,-310
52,20,-326
44,24,-334
33,35,-339
16,30,-342
6,40,-346
-6,44,-346
-17,35,-355
-25,41,-367
-41,55,-361
-42,50,-352
-59,61,-361
-59,65,-353
-77,67,-353
-90,76,-352
-95,77,-359
-103,77,-347
-113,73,-351
-113,83,-343
-116,92,-346
-129,89,-349
-122,90,-350
-126,98,-346
-129,97,-345
-138,88,-344
-147,103,-339
-148,96,-330
-150,108,-334
-157,107,-327
-162,102,-326
-177,107,-317
-187,111,-313
-192,120,-312
-186,136,-306
-180,150,-304
-183,175,-301
-172,192,-286
-167,211,-285
-146,230,-292
-127,251,-281
-114,266,-274
-87,279,-267
-81,287,-265
-56,288,-258
-39,287,-249
-40,296,-248
-53,299,-245
-57,297,-235
-75,301,-239
-76,302,-238
-79,295,-239
-88,294,-246
-84,298,-224
-95,305,-225
-105,305,-223
-105,305,-211
-104,306,-206
-100,310,-198
-111,301,-197
-107,311,-201
-113,309,-191
-135,301,-183
-136,304,-166
-155,293,-161
-162,292,-148
-163,291,-143
-168,290,-146
-166,288,-140
-164,278,-134
-163,291,-135
-166,286,-130
-171,287,-125
-179,281,-115
-178,272,-114
-188,272,-110
-187,279,-107
-186,274,-112
-182,278,-110
-182,270,-112
-194,270,-118
-199,261,-119
-201,261,-129
-207,255,-133
-217,263,-127
-210,258,-124
-208,260,-130
-202,262,-126
-205,263,-119
-201,261,-121
-214,262,-124
-208,254,-128
-205,257,-133
-208,256,-128
-210,246,-134
-226,242,-136
-224,236,-118
-231,237,-121
-231,225,-109
-231,227,-109
-240,232,-100
-238,228,-84
-220,228,-78
-217,221,-67
-212,224,-50
-223,237,-49
-197,231,-35
-194,238,-26
-189,241,-25
-183,239,-3
-178,234,-6
-160,234,2
-162,230,10
-148,244,22
-144,248,18
-144,248,18
-134,258,12
-137,253,17
-139,245,19
-128,248,28
-131,249,27
-121,249,37
-127,249,31
-121,253,35
-109,249,33
-102,258,28
-92,258,30
-104,260,30
-91,251,37
-89,259,33
-73,259,35
-69,259,35
-63,253,29
-51,271,31
-40,268,26
-42,268,20
-34,266,20
-31,273,11
-22,278,16
-25,273,7
-20,284,10
-19,273,11
-11,265,5
-10,276,8
-3,281,-9
5,281,-7
5,275,-11
1,275,-13
-8,284,-14
-1,277,-13
-1,283,-9
1,281,-11
2,284,-14
10,284,-32
14,288,-26
10,294,-26
4,292,-38
12,292,-42
-7,301,-39
-6,300,-40
-25,301,-51
-34,310,-56
-42,302,-56
-62,316,-64
-79,315,-71
-80,310,-76
-92,308,-88
-108,308,-88
-118,310,-96
-125,307,-101
-139,305,-105
-150,298,-112
-158,286,-118
-175,277,-131
-179,275,-139
-195,273,-147
-205,257,-171
-207,243,-173
-215,233,-193
-214,234,-196
-215,227,-215
-218,208,-220
-219,193,-227
-211,189,-241
-214,176,-246
-222,170,-262
-221,153,-275
-211,145,-275
-214,132,-282
-208,116,-292
-197,115,-293
-198,106,-304
-188,100,-306
-175,103,-315
-179,103,-319
-182,86,-310
-185,69,-313
-179,29,-301
-170,-12,-280
-151,-45,-279
-105,-79,-261
-60,-108,-248
-18,-102,-254
3,-89,-253
-10,-102,-246
-21,-93,-249
-23,-103,-239
-28,-90,-248
-20,-100,-250
-29,-107,-243
-21,-107,-235
-15,-111,-229
-5,-113,-217
-10,-114,-216
-2,-116,-226
-2,-114,-230
4,-114,-204
18,-120,-206
27,-107,-203
27,-113,-195
44,-108,-190
64,-108,-186
63,-105,-169
85,-93,-149
99,-95,-149
106,-90,-146
111,-79,-119
116,-74,-108
120,-66,-96
124,-54,-70
125,-53,-55
129,-33,-31
138,-10,-24
145,-7,-23
143,-1,-7
139,15,-13
144,30,6
131,55,23
127,77,25
116,98,46
103,107,59
104,108,54
89,117,63
83,121,65
75,127,77
64,146,74
64,160,80
52,152,74
42,164,90
30,160,88
18,160,82
16,170,92
10,170,94
-7,171,89
-5,171,97
-41,185,87
-51,197,81
-59,199,77
-70,206,78
-71,211,69
-83,211,77
-91,205,65
-91,211,63
-91,209,69
-100,204,56
-106,200,64
-110,194,64
-102,192,70
-103,215,57
-102,204,60
-99,201,65
-101,189,63
-123,191,67
-131,177,69
-132,166,64
-143,165,61
-154,162,56
-154,156,52
-150,160,60
-153,145,57
-145,149,57
-147,145,59
-137,145,69
-133,151,85
-128,138,84
-121,137,73
-124,136,88
-116,116,84
-106,112,94
-101,107,99
-99,101,89
-96,104,100
-84,86,96
-77,83,101
-70,74,104
-62,74,112
-46,68,108
-46,76,100
-31,59,105
-23,49,101
-10,38,98
3,29,93
15,25,91
28,20,82
64,14,74
75,19,57
96,22,42
116,24,22
133,23,3
136,4,-20
146,2,-34
145,-19,-69
150,-24,-102
124,-50,-122
116,-62,-138
107,-73,-155
100,-78,-160
86,-86,-188
71,-81,-201
62,-88,-222
52,-86,-226
42,-82,-236
32,-74,-250
36,-78,-254
29,-79,-261
28,-82,-260
21,-69,-269
25,-71,-277
6,-74,-282
6,-68,-282
-8,-70,-300
-13,-61,-303
-28,-56,-306
-35,-47,-313
-30,-48,-310
-49,-37,-319
-77,-27,-327
-83,-21,-321
-104,-22,-322
-119,-27,-315
-130,-36,-296
-134,-40,-290
-149,-39,-285
-156,-34,-278
-165,-35,-271
-173,-39,-261
-185,-37,-261
-191,-39,-247
-195,-37,-235
-195,-43,-225
-193,-41,-219
-197,-47,-213
-195,-59,-211
-194,-50,-198
-199,-59,-189
-200,-56,-192
-203,-59,-191
-207,-57,-189
-206,-58,-182
-209,-55,-187
-211,-57,-187
-209,-55,-195
-205,-47,-193
-206,-54,-188
-203,-61,-183
-201,-57,-175
-202,-70,-168
-197,-65,-161
-187,-81,-153
-196,-74,-148
-188,-84,-148
-183,-79,-141
-181,-89,-131
-179,-91,-121
-177,-81,-105
-177,-89,-95
-177,-81,-75
-182,-78,-72
-182,-88,-78
-181,-79,-61
-174,-78,-56
-169,-79,-47
-174,-72,-46
-184,-70,-32
-168,-58,-16
-167,-55,-15
-162,-46,-4
-173,-35,7
-168,-32,18
-164,-26,20
-172,-24,30
-164,-4,34
-167,-5,43
-170,16,36
-168,16,42
-168,26,54
-165,43,55
-175,43,55
-171,57,59
-175,77,61
-181,111,47
-177,121,43
-183,125,43
-178,130,42
-186,140,46
-187,139,39
-182,156,36
-181,149,33
-186,156,36
-171,161,33
-182,164,38
-184,168,32
-185,163,29
-184,160,36
-185,165,35
-176,156,42
-166,154,50
-164,154,54
-158,156,54
-162,154,58
-143,153,61
-138,156,76
-132,152,78
-113,145,87
-100,142,100
-87,129,95
-76,112,106
-61,89,109
-49,73,109
-42,46,98
-36,34,102
-24,14,90
-7,-23,81
1,-37,65
4,-46,54
17,-59,39
25,-67,33
25,-69,23
30,-84,8
28,-82,-6
29,-95,-17
24,-100,-22
22,-102,-30
15,-107,-43
19,-117,-47
12,-114,-62
9,-115,-67
10,-122,-80
5,-127,-105
16,-124,-108
14,-126,-122
10,-126,-132
12,-128,-144
2,-124,-144
0,-126,-158
-4,-122,-160
-10,-116,-176
-25,-129,-191
-36,-116,-206
-44,-122,-210
-58,-122,-228
-62,-112,-220
-61,-115,-219
-67,-117,-219
-79,-117,-219
-83,-109,-219
-96,-114,-228
-101,-109,-217
-93,-105,-227
-106,-104,-216
-113,-103,-217
-110,-104,-218
-114,-102,-218
-121,-109,-213
-117,-107,-201
-108,-118,-192
-109,-123,-189
-106,-128,-182
-103,-125,-175
-92,-120,-158
-100,-132,-150
-96,-126,-128
-95,-129,-125
-94,-134,-112
-99,-127,-107
-91,-127,-83
-87,-121,-75
-85,-115,-63
-83,-123,-47
-88,-112,-24
-85,-105,-9
-90,-100,0
-95,-83,13
-90,-72,26
-91,-63,39
-81,-35,63
-86,-22,74
-78,-8,76
-86,12,80
-86,12,88
-92,38,98
-93,53,97
-97,49,91
-113,67,95
-113,73,99
-116,76,88
-115,93,95
-119,103,93
-116,106,90
-112,120,96
-102,130,90
-105,143,97
-91,145,99
-92,150,96
-80,146,96
-70,152,102
-61,145,105
-38,148,112
-20,134,112
1,133,107
13,119,105
33,115,101
52,94,102
61,93,97
59,77,95
70,58,90
67,51,85
86,32,72
88,16,74
74,12,62
68,-12,62
69,-31,51
65,-37,47
60,-48,44
39,-51,27
51,-63,29
33,-69,19
30,-78,6
22,-92,-6
21,-99,-15
11,-107,-17
-1,-111,-35
-10,-114,-54
-22,-126,-82
-22,-130,-92
-34,-126,-106
-41,-127,-123
-57,-135,-135
-57,-135,-143
-72,-140,-146
-79,-133,-149
-86,-130,-154
-98,-126,-158
-117,-117,-169
-117,-119,-179
-128,-108,-178
-128,-110,-184
-144,-104,-178
-148,-100,-178
-150,-104,-188
-167,-91,-191
-167,-91,-183
-175,-89,-193
-165,-89,-191
-177,-81,-193
-175,-81,-197
-178,-72,-200
-181,-75,-201
-184,-78,-198
-189,-73,-199
-193,-73,-205
-188,-66,-200
-192,-66,-204
-191,-73,-193
-195,-63,-191
-184,-76,-190
-174,-80,-184
-167,-93,-187
-142,-104,-174
-138,-118,-168
-122,-122,-150
-105,-129,-145
-91,-133,-141
-77,-135,-133
-49,-131,-117
-36,-136,-116
-11,-131,-107
8,-126,-96
31,-123,-93
41,-115,-81
67,-107,-77
96,-78,-56
106,-72,-56
112,-68,-46
111,-53,-41
130,-42,-34
118,-36,-20
119,-33,-11
120,-26,6
124,-10,6
116,-2,10
111,13,17
117,15,29
122,28,32
121,39,29
117,39,41
117,47,45
105,53,49
101,67,63
92,72,68
79,83,73
64,92,82
60,94,86
47,109,91
45,117,91
33,115,93
18,128,90
17,141,99
6,152,94
-6,180,96
-21,169,91
-28,182,88
-28,184,84
-42,202,84
-54,196,78
-61,199,79
-79,197,75
-89,199,75
-95,209,69
-121,201,65
-131,209,57
-129,203,49
-146,200,36
-155,205,37
-176,192,22
-189,183,31
-194,174,18
-197,161,11
-221,151,1
-222,150,-4
-210,164,-6
-207,165,-5
-223,169,-13
-219,161,-3
-218,160,-18
-222,144,-22
-227,151,-21
-235,143,-27
-230,148,-30
-234,140,-36
-231,151,-33
-233,145,-37
-234,140,-42
-242,146,-42
-233,139,-51
-232,134,-50
-240,138,-56
-242,138,-52
-237,131,-43
-233,133,-53
-232,124,-56
-238,126,-60
-242,126,-58
-230,128,-52
-230,126,-48
-237,125,-47
-240,124,-50
-235,127,-51
-240,130,-48
-238,136,-52
-240,134,-54
-239,143,-45
-236,156,-44
-232,166,-44
-229,163,-41
-225,159,-39
-232,172,-40
-224,164,-28
-221,179,-21
-217,173,-17
-217,175,-7
-201,179,-7
-202,186,10
-186,190,14
-184,194,18
-176,188,28
-170,192,32
-159,191,33
-152,216,42
-146,218,54
-137,211,49
-131,211,59
-115,215,67
-110,220,68
-102,224,76
-82,214,74
-62,224,70
-49,227,63
-37,241,69
-22,232,74
-15,227,73
-1,231,63
15,215,69
31,221,61
59,199,69
72,190,64
83,187,61
85,169,65
86,158,74
95,139,67
99,131,77
105,113,69
104,108,58
110,90,56
112,74,62
120,52,52
123,35,45
123,19,25
129,1,13
127,-19,-5
105,-51,-23
96,-62,-20
87,-77,-21
86,-78,-24
75,-91,-33
62,-96,-34
50,-94,-24
51,-97,-41
44,-104,-34
37,-105,-55
32,-110,-48
26,-116,-50
27,-111,-49
16,-112,-44
24,-114,-42
11,-115,-45
0,-116,-34
-6,-108,-30
-11,-103,-25
-9,-113,-23
-19,-91,-7
-25,-93,1
-36,-88,16
-27,-89,21
-39,-81,27
-45,-85,29
-54,-64,44
-54,-62,40
-57,-51,57
-64,-42,56
-80,-26,58
-84,-22,66
-90,12,78
-112,20,80
-107,43,79
-101,55,85
-114,62,90
-113,61,95
-109,71,91
-119,83,97
-107,97,97
-99,103,103
-92,108,98
-77,113,105
-71,133,103
-55,133,103
-50,142,104
-46,146,110
-26,142,106
-29,153,109
-18,142,106
-23,147,107
-6,150,106
10,144,102
26,134,104
37,135,91
62,124,90
81,119,75
105,99,55
115,87,59
118,82,46
131,71,37
140,58,22
146,28,4
159,7,-43
156,-16,-66
145,-29,-83
147,-41,-107
140,-46,-124
128,-54,-152
107,-67,-169
98,-74,-194
82,-70,-220
72,-72,-242
66,-60,-252
62,-58,-272
33,-61,-279
16,-54,-292
-8,-58,-300
-19,-57,-309
-43,-55,-303
-85,-47,-311
-116,-38,-302
-125,-41,-305
-135,-23,-301
-136,-26,-316
-147,-13,-309
-144,-14,-308
-153,-1,-305
-159,-7,-309
-165,9,-319
-168,16,-312
-175,27,-311
-181,35,-313
-184,30,-308
-194,38,-312
-201,57,-305
-200,74,-308
-198,84,-306
-203,91,-313
-204,102,-306
-199,111,-311
-198,120,-320
-195,141,-305
-205,141,-311
-191,157,-307
-185,157,-303
-193,171,-305
-178,182,-310
-171,201,-297
-163,209,-295
-159,221,-287
-152,224,-302
-132,234,-298
-123,235,-305
-127,241,-299
-120,242,-304
-128,232,-300
-112,238,-302
-114,244,-302
-95,233,-305
-101,227,-309
-94,224,-318
-74,224,-318
-71,227,-319
-57,217,-321
-51,217,-323
-55,221,-321
-47,221,-323
-41,219,-327
-47,221,-323
-45,225,-317
-40,220,-322
-46,222,-312
-49,227,-325
-50,222,-320
-58,238,-312
-60,232,-308
-61,233,-313
-63,231,-315
-66,222,-310
-66,224,-314
-68,226,-306
-64,230,-310
-63,225,-303
-66,230,-308
-74,226,-308
-84,224,-314
-68,214,-312
-71,221,-315
-79,211,-315
-83,209,-315
-84,214,-318
-86,202,-312
-89,201,-319
-84,196,-316
-89,195,-319
-88,190,-322
-99,185,-321
-95,185,-313
-109,173,-317
-105,169,-323
-97,165,-327
-97,161,-329
-92,158,-330
-96,152,-328
-96,142,-336
-85,133,-333
-87,139,-339
-87,121,-343
-87,119,-349
-90,108,-342
-83,91,-351
-74,84,-350
-75,81,-349
-76,72,-352
-62,68,-344
-44,54,-344
-39,37,-347
-36,40,-350
-16,26,-338
-17,27,-341
2,22,-336
13,7,-335
29,9,-321
37,-1,-323
40,-2,-312
45,-17,-309
51,-15,-295
63,-19,-299
62,-22,-298
67,-31,-281
81,-29,-271
94,-26,-260
96,-24,-240
127,-25,-231
131,-23,-221
134,-30,-202
144,-26,-200
147,-17,-177
154,-10,-164
174,-8,-144
164,-10,-124
158,-2,-120
163,13,-95
163,15,-83
167,17,-75
170,6,-64
163,29,-43
159,27,-39
159,33,-25
152,40,-10
139,59,1
145,61,11
136,70,22
139,61,21
135,63,23
133,49,27
135,59,21
132,62,36
128,64,40
115,73,53
106,70,56
114,72,54
114,72,58
102,68,60
100,70,64
89,69,61
91,71,77
83,67,79
69,67,89
61,65,85
49,71,89
47,69,89
39,77,99
31,67,97
29,67,103
20,54,96
15,59,97
24,66,110
29,67,103
24,64,104
13,65,103
17,59,97
14,60,106
21,47,99
23,51,105
11,55,95
11,45,99
1,51,101
3,53,95
-1,39,99
0,36,88
10,34,98
1,31,99
-2,22,90
10,4,88
21,-17,73
30,-28,58
36,-46,54
41,-47,41
31,-49,31
34,-60,14
30,-76,6
23,-83,-9
21,-93,-15
23,-91,-27
18,-92,-34
20,-104,-36
36,-100,-50
27,-101,-57
27,-99,-63
25,-103,-65
35,-103,-63
28,-114,-68
35,-105,-71
31,-103,-79
31,-109,-85
28,-108,-74
30,-102,-88
34,-102,-84
38,-100,-88
30,-114,-92
36,-108,-90
37,-103,-85
40,-96,-86
32,-102,-88
36,-104,-84
36,-104,-80
31,-101,-69
29,-97,-69
21,-95,-55
31,-93,-43
24,-88,-46
31,-95,-41
31,-89,-43
32,-90,-32
34,-88,-30
39,-73,-19
41,-73,-9
41,-67,-7
42,-60,10
42,-56,20
38,-42,32
51,-19,51
43,-5,61
46,26,68
46,44,76
58,68,84
54,82,84
57,83,75
62,86,80
61,83,85
65,93,91
60,94,76
75,93,73
76,98,70
89,87,71
100,82,66
103,87,63
105,85,55
115,81,55
124,84,50
127,75,45
128,68,44
131,59,37
135,53,33
134,42,24
132,30,20
131,13,17
134,2,14
129,-11,-11
128,-18,-12
129,-27,-15
118,-36,-22
115,-45,-39
118,-52,-46
118,-62,-70
129,-67,-75
119,-67,-85
117,-75,-93
105,-81,-95
102,-82,-108
100,-94,-122
97,-91,-121
86,-106,-126
84,-96,-140
78,-98,-158
75,-105,-163
64,-98,-178
61,-97,-183
58,-104,-206
46,-98,-216
19,-97,-237
15,-85,-251
8,-78,-272
3,-73,-279
1,-69,-281
-13,-71,-289
-23,-61,-297
-28,-56,-304
-51,-55,-299
-61,-53,-293
-73,-59,-293
-96,-60,-290
-105,-59,-283
-123,-67,-281
-122,-56,-274
-129,-51,-277
-134,-56,-284
-141,-49,-273
-136,-70,-258
-155,-63,-249
-153,-81,-229
-167,-91,-209
-163,-93,-191
-161,-103,-173
-154,-102,-164
-147,-113,-149
-142,-110,-140
-149,-121,-123
-119,-119,-97
-114,-118,-88
-104,-126,-74
-90,-126,-54
-68,-116,-18
-56,-104,-12
-37,-93,9
-24,-82,24
-9,-63,33
3,-47,51
20,-32,68
28,-8,70
2,6,84
9,19,95
8,40,104
7,49,99
1,55,111
-14,58,96
-19,53,105
-18,46,110
-24,54,110
-22,54,108
-22,66,114
-17,63,113
-28,72,110
-23,75,113
-21,83,111
-17,75,105
-15,73,107
-4,72,104
7,69,99
3,63,101
19,65,103
25,69,105
31,65,97
34,72,98
41,71,101
56,64,92
58,60,86
59,55,91
67,55,79
71,65,95
76,58,82
75,49,81
88,44,78
85,53,67
88,58,68
98,54,72
92,50,62
104,56,62
100,60,62
104,46,58
112,56,64
105,41,57
119,31,49
115,41,53
115,37,49
117,33,43
117,27,43
116,22,52
116,16,40
119,9,39
121,7,39
109,-1,27
118,-4,26
112,-14,32
114,-40,14
105,-43,-3
85,-67,-21
84,-76,-36
77,-81,-51
63,-101,-55
66,-108,-70
58,-108,-82
46,-106,-100
43,-115,-111
31,-121,-119
33,-115,-129
36,-112,-140
31,-123,-145
43,-121,-165
36,-118,-170
52,-110,-184
71,-97,-205
73,-91,-207
82,-88,-204
92,-74,-216
83,-67,-221
91,-71,-225
82,-76,-224
79,-67,-229
71,-71,-235
54,-68,-242
57,-75,-247
53,-73,-243
60,-60,-260
65,-59,-259
70,-58,-254
69,-61,-255
86,-44,-260
84,-36,-260
84,-42,-260
77,-37,-265
77,-35,-265
84,-32,-276
90,-24,-280
91,-11,-269
95,-7,-275
98,2,-272
111,21,-281
124,24,-274
125,35,-265
135,41,-261
142,42,-254
141,39,-247
147,39,-245
147,29,-229
143,39,-219
150,30,-218
140,20,-208
147,9,-203
143,5,-209
149,9,-199
146,4,-190
154,-2,-180
157,-1,-179
156,4,-176
148,0,-164
154,-2,-170
150,-10,-166
146,0,-158
147,-13,-157
135,-17,-155
136,-24,-150
128,-32,-134
131,-31,-139
130,-34,-124
127,-37,-115
119,-39,-117
121,-45,-115
125,-43,-119
133,-37,-117
129,-23,-121
136,-26,-120
136,-28,-122
145,-17,-115
142,-4,-114
152,-6,-114
149,1,-119
165,11,-113
159,19,-109
154,12,-104
159,27,-107
162,28,-106
160,44,-96
165,53,-87
166,54,-86
169,61,-87
167,65,-83
163,73,-71
173,79,-83
169,79,-77
170,72,-76
169,71,-69
166,66,-56
153,65,-61
155,55,-41
152,50,-26
145,43,-23
141,49,-3
137,45,-3
128,42,16
127,37,13
133,47,11
134,44,18
128,56,16
135,53,21
127,47,29
132,40,24
123,33,35
111,21,29
90,-4,36
95,-11,37
86,-16,40
92,-6,38
94,-10,36
95,-3,47
87,-3,51
77,-7,43
92,4,50
88,6,52
89,17,49
102,10,48
93,-15,37
85,-9,45
91,-9,51
85,-3,39
97,-5,35
105,-5,41
97,-5,47
102,-8,42
93,-13,39
95,-17,33
105,3,39
107,-3,37
103,-5,27
109,11,31
117,13,33
127,13,25
130,24,16
140,16,18
145,23,5
137,19,7
146,36,10
149,37,7
143,41,-5
150,44,2
150,40,-2
147,41,5
149,39,9
153,45,9
145,33,17
129,35,11
139,29,19
141,35,13
134,30,18
136,26,18
144,36,22
139,35,23
133,23,31
127,31,33
124,30,30
123,25,37
128,18,30
125,25,33
130,16,28
119,25,35
132,14,16
119,5,21
118,-18,12
126,-20,18
117,-31,9
114,-38,-10
108,-46,-14
106,-62,-20
86,-66,-32
90,-72,-34
80,-76,-32
79,-83,-43
81,-77,-35
85,-81,-47
90,-78,-40
91,-79,-51
90,-66,-46
101,-71,-41
99,-65,-49
105,-63,-55
113,-65,-61
104,-66,-66
122,-54,-68
117,-53,-77
126,-58,-90
124,-48,-92
130,-46,-100
133,-39,-101
132,-38,-102
128,-32,-102
132,-34,-116
133,-37,-119
136,-28,-126
147,-31,-139
147,-27,-133
146,-16,-142
151,-11,-141
147,-9,-135
153,-7,-143
146,-8,-146
151,-3,-145
144,-10,-158
141,-5,-155
141,-13,-161
146,-14,-164
140,-16,-168
140,-18,-166
139,-9,-167
142,-22,-168
140,-20,-164
128,-24,-164
135,-33,-157
135,-37,-141
113,-43,-143
121,-41,-141
112,-54,-134
107,-53,-121
114,-58,-112
111,-53,-105
108,-48,-92
121,-39,-81
129,-41,-63
136,-28,-62
136,-18,-40
136,-12,-30
140,-8,-26
146,-2,-14
135,1,-19
135,-9,-19
128,-2,-8
126,-4,-2
133,-5,-1
133,19,3
135,19,-1
137,19,5
137,23,7
146,28,4
146,30,2
143,29,-1
150,16,-6
151,29,-3
155,27,5
147,21,5
152,20,-10
144,20,-6
145,17,-9
141,17,1
144,24,-10
149,15,-17
149,9,-25
150,4,-22
146,10,-22
157,13,-33
162,16,-26
162,6,-34
161,7,-41
150,4,-28
153,-3,-39
149,-3,-43
156,-18,-46
147,-21,-45
143,-23,-47
134,-42,-52
129,-49,-69
133,-57,-77
126,-66,-92
118,-72,-86
117,-67,-97
115,-65,-101
119,-75,-105
119,-75,-101
110,-78,-106
117,-77,-103
119,-79,-99
118,-78,-108
105,-83,-101
104,-86,-110
105,-81,-111
109,-79,-109
95,-93,-109
103,-87,-107
95,-95,-101
96,-100,-98
85,-97,-93
90,-94,-90
91,-99,-77
88,-92,-76
90,-84,-72
96,-80,-64
97,-79,-51
98,-74,-50
94,-76,-44
99,-75,-43
100,-76,-32
90,-70,-32
85,-69,-25
87,-73,-29
90,-74,-26
81,-63,-19
87,-75,-15
76,-64,-12
79,-73,-9
74,-66,-6
68,-62,-4
72,-68,-12
74,-64,-6
71,-59,-3
68,-66,-8
68,-68,-12
70,-64,-12
57,-75,-9
65,-71,-13
55,-85,-15
60,-82,-12
59,-75,-13
60,-76,-12
52,-88,-20
52,-84,-22
53,-87,-39
57,-91,-47
59,-85,-53
54,-88,-50
49,-93,-63
50,-96,-72
58,-92,-80
47,-93,-75
56,-92,-76
51,-89,-73
62,-92,-72
71,-103,-75
70,-84,-82
74,-86,-82
74,-88,-86
80,-92,-84
85,-73,-89
74,-80,-98
85,-75,-97
88,-80,-98
81,-81,-105
80,-72,-96
89,-81,-93
87,-75,-93
80,-64,-102
88,-66,-90
97,-69,-105
98,-70,-88
90,-68,-90
85,-73,-95
76,-80,-96
71,-79,-99
75,-87,-93
74,-72,-90
78,-88,-84
75,-81,-91
82,-82,-86
85,-79,-85
91,-79,-83
91,-77,-79
99,-75,-69
109,-59,-65
112,-54,-62
120,-44,-56
113,-51,-45
118,-34,-32
124,-30,-34
128,-30,-26
133,-19,-19
132,-12,-8
124,-12,-6
136,-6,-12
127,-3,3
134,6,4
127,-3,3
135,1,-1
138,6,6
145,15,-5
145,7,-5
157,19,-11
151,13,-5
145,19,-3
141,17,-7
133,25,1
136,32,0
135,31,13
146,38,10
141,43,17
140,54,24
133,55,23
138,72,28
127,79,39
128,74,38
118,80,58
121,81,49
120,88,62
102,106,64
97,111,71
90,116,80
79,129,81
70,134,86
66,134,92
70,158,92
61,159,87
64,160,80
63,169,81
44,166,86
43,161,91
39,159,95
34,156,86
23,161,95
23,157,95
27,163,93
26,162,98
28,160,98
28,162,96
26,168,92
18,154,102
19,149,99
18,132,102
14,134,96
8,126,106
8,116,106
-3,115,103
0,110,108
6,112,100
6,104,102
5,107,97
7,107,97
0,100,100
0,98,96
1,99,99
0,98,100
-7,83,103
-4,86,104
-2,88,102
-8,90,94
0,84,96
-6,92,96
-5,97,103
-7,89,95
-16,84,98
-20,90,106
-37,81,103
-56,80,100
-59,75,99
-68,82,102
-69,75,105
-65,75,103
-74,80,94
-68,92,96
-74,84,96
-80,78,100
-76,72,102
-82,72,90
-66,62,86
-72,66,94
-85,67,93
-85,63,97
-86,52,92
-91,61,87
-97,57,85
-106,62,78
-105,65,83
-114,62,82
-124,60,78
-126,46,70
-128,48,64
-131,51,67
-126,42,68
-121,41,73
-107,31,67
-98,30,76
-97,33,85
-95,33,77
-87,27,79
-86,26,76
-88,28,76
-83,29,75
-77,29,73
-77,35,85
-67,37,91
-68,30,80
-73,27,87
-65,39,83
-65,45,89
-69,49,87
-78,60,94
-85,77,97
-95,91,97
-88,130,98
-79,145,95
-64,156,98
-55,149,105
-49,147,103
-49,155,105
-46,150,106
-43,157,103
-43,161,103
-32,162,94
-30,172,88
-18,176,96
-14,162,90
-11,171,95
-3,165,97
-3,165,97
7,165,97
24,170,98
32,160,90
42,166,82
57,171,81
68,166,76
69,159,83
77,151,61
79,151,81
92,144,56
98,132,70
104,130,66
107,131,55
111,117,57
110,120,66
114,100,56
127,87,49
134,86,40
133,75,31
154,64,12
152,48,12
157,43,-9
156,24,-26
149,7,-41
149,-15,-43
152,-20,-50
145,-27,-61
146,-28,-54
154,-28,-58
138,-36,-66
136,-36,-72
142,-44,-80
133,-49,-73
130,-50,-74
131,-49,-85
128,-58,-82
127,-57,-83
121,-55,-87
114,-60,-100
121,-63,-109
117,-73,-133
115,-71,-131
106,-76,-150
105,-77,-143
100,-78,-146
98,-78,-160
89,-87,-159
89,-93,-167
82,-92,-168
87,-85,-179
93,-89,-165
90,-84,-166
87,-83,-165
94,-74,-172
89,-75,-179
86,-80,-162
87,-81,-167
92,-78,-174
92,-70,-176
94,-70,-186
102,-66,-186
103,-53,-205
106,-56,-208
108,-48,-208
120,-44,-210
121,-31,-211
122,-28,-210
124,-22,-206
137,-7,-213
138,0,-214
140,6,-212
143,13,-197
151,9,-189
160,12,-180
161,17,-173
155,19,-169
153,23,-173
152,22,-170
149,9,-175
150,2,-162
149,-3,-161
141,-1,-167
146,2,-172
137,1,-171
140,-6,-160
138,0,-168
143,-7,-159
143,-7,-159
143,-7,-161
136,-12,-154
128,-12,-156
133,-21,-147
132,-18,-148
142,-12,-154
136,-18,-144
140,-20,-136
136,-24,-138
128,-28,-134
130,-28,-122
126,-26,-122
133,-21,-119
133,-23,-117
124,-22,-112
138,-20,-114
133,-25,-109
140,-8,-108
143,-7,-107
148,4,-102
150,10,-100
149,11,-97
151,11,-93
151,21,-99
150,16,-94
164,28,-100
156,20,-94
158,24,-98
156,16,-102
159,17,-107
161,13,-93
152,6,-100
154,2,-100
155,5,-111
148,8,-90
158,-4,-94
142,-10,-100
151,-1,-89
154,-8,-78
151,-7,-83
152,2,-82
153,-1,-71
149,5,-71
156,12,-70
148,18,-62
151,25,-67
154,30,-64
150,32,-60
157,29,-59
149,15,-65
153,13,-59
154,8,-70
144,10,-66
150,-4,-78
147,-5,-81
150,-2,-82
148,-8,-86
150,-12,-88
144,-18,-88
138,-8,-90
156,-6,-94
152,-8,-104
157,-1,-105
157,5,-115
157,3,-127
156,-4,-120
153,-15,-133
153,-13,-145
140,-18,-146
142,-20,-152
146,-20,-168
140,-12,-158
149,-7,-175
152,-6,-168
159,-3,-177
153,-9,-173
152,2,-180
154,2,-174
153,-11,-179
155,-3,-179
154,-8,-180
148,-8,-184
153,3,-183
161,7,-179
162,2,-170
150,10,-170
159,7,-175
161,15,-171
157,9,-167
163,7,-167
166,20,-166
165,7,-167
156,2,-168
160,2,-166
161,11,-163
157,-3,-161
156,-12,-166
141,-29,-149
158,-16,-146
157,-17,-139
152,-16,-126
158,-24,-116
158,-22,-106
132,-44,-112
133,-51,-109
127,-53,-99
133,-53,-85
131,-55,-85
127,-65,-77
119,-59,-71
129,-69,-65
118,-56,-56
115,-59,-49
119,-63,-39
111,-49,-29
107,-37,-19
111,-35,-5
112,-22,8
110,-24,12
105,-17,23
111,-11,25
106,-18,12
109,-9,25
111,-1,35
98,18,34
100,24,44
100,36,56
91,51,61
86,66,70
78,88,78
64,98,84
58,106,98
49,123,89
52,128,92
38,130,96
37,137,99
25,137,99
22,138,100
20,156,104
9,163,93
7,175,97
-2,178,100
-6,188,94
-13,181,91
-23,189,95
-31,179,93
-32,186,96
-31,197,97
-45,185,89
-67,187,89
-59,181,97
-70,178,96
-83,177,95
-94,174,94
-99,177,85
-109,171,93
-120,158,84
-131,155,77
-128,150,72
-128,148,82
-132,156,80
-136,150,78
-136,154,84
-127,141,81
-135,129,77
-139,111,81
-133,113,77
-138,98,82
-139,83,83
-133,75,75
-128,62,72
-127,45,71
-125,51,75
-128,42,80
-117,45,83
-110,58,82
-109,53,83
-104,50,96
-105,47,91
-98,46,86
-107,43,83
-99,47,93
-84,44,90
-67,47,95
-63,63,99
-46,68,96
-21,83,103
-19,81,101
9,97,97
18,102,94
33,99,97
53,99,93
54,92,94
51,97,93
50,92,92
56,66,92
51,55,87
49,43,79
58,36,80
52,24,82
62,40,72
67,45,71
72,48,80
70,52,76
86,54,64
88,46,72
102,50,62
107,51,57
115,51,53
120,38,40
123,37,45
131,29,23
132,20,24
136,28,12
145,33,3
152,16,-6
150,10,-14
146,6,-26
158,8,-38
160,4,-48
156,-4,-54
154,-18,-62
151,-25,-67
144,-32,-76
147,-31,-75
141,-29,-83
154,-28,-88
142,-44,-84
141,-53,-87
141,-57,-101
126,-68,-98
120,-74,-102
108,-80,-112
97,-89,-121
93,-93,-119
87,-101,-119
77,-99,-115
91,-105,-113
89,-99,-105
88,-96,-102
91,-99,-93
83,-97,-97
107,-91,-83
110,-80,-64
108,-82,-70
113,-71,-69
122,-62,-66
127,-45,-55
137,-41,-49
142,-30,-34
144,-18,-30
138,-6,-14
141,-3,-1
135,3,13
135,19,13
128,20,20
129,43,25
128,36,44
123,51,47
117,75,63
102,72,70
98,92,66
95,91,77
88,94,80
83,99,83
81,99,81
77,97,79
81,99,81
85,95,87
70,108,86
80,110,86
76,118,82
62,118,82
66,126,84
60,116,90
40,122,104
22,118,102
13,113,107
11,109,109
9,115,115
1,101,111
5,97,117
4,82,116
-3,81,107
7,73,105
3,67,105
9,69,99
16,66,102
14,48,104
9,51,99
4,16,94
-1,7,87
-8,-2,88
-4,-22,80
-7,-7,71
-6,0,80
6,-2,82
3,-3,85
12,-6,70
9,-15,67
6,-32,64
0,-42,64
7,-43,53
2,-48,50
-1,-49,49
-7,-51,37
-1,-51,41
7,-53,41
3,-53,35
5,-59,39
6,-64,26
11,-69,9
7,-81,-5
11,-87,-19
14,-102,-24
30,-96,-40
40,-94,-52
40,-96,-56
42,-104,-58
49,-101,-65
60,-94,-68
62,-90,-82
73,-83,-73
77,-85,-83
76,-84,-82
81,-77,-87
89,-75,-95
85,-79,-93
91,-67,-97
119,-49,-95
123,-45,-111
124,-42,-126
125,-43,-153
118,-52,-166
108,-44,-178
118,-40,-190
119,-41,-193
122,-46,-184
121,-41,-177
126,-42,-172
125,-49,-177
119,-49,-163
112,-70,-154
119,-53,-151
117,-53,-145
129,-63,-133
120,-68,-118
113,-73,-101
121,-73,-97
118,-70,-88
121,-63,-85
131,-59,-67
130,-56,-66
120,-50,-54
124,-42,-26
124,-28,-16
122,-24,-6
123,-19,5
119,-19,-1
120,-8,4
126,-12,4
128,-4,8
120,-6,8
120,2,12
132,6,14
131,5,19
127,7,11
122,4,16
118,2,20
131,3,21
124,20,28
135,27,33
127,35,27
134,40,28
142,38,18
136,56,28
131,55,31
144,72,26
139,79,27
143,91,27
135,95,29
132,108,36
119,111,45
91,113,65
74,130,80
47,143,95
39,151,93
40,156,96
40,168,94
38,164,96
24,154,96
11,159,109
-4,142,114
-10,146,110
-20,158,116
-21,155,101
-23,159,101
-23,163,103
-22,162,100
-17,163,103
-27,153,109
-36,132,112
-42,136,114
-43,119,111
-52,118,108
-52,114,112
-60,114,110
-58,106,120
-70,92,106
-65,79,107
-69,69,103
-72,56,104
-69,45,109
-61,35,89
-63,21,87
-55,9,81
-49,7,83
-43,-3,75
-32,-26,58
-27,-25,59
-33,-31,53
-14,-44,54
4,-44,42
-2,-46,26
0,-54,30
-3,-57,23
4,-58,22
10,-62,12
16,-62,18
13,-57,15
25,-55,13
24,-58,14
26,-58,4
43,-65,-9
46,-64,-12
54,-70,-20
70,-64,-18
75,-57,-39
87,-55,-45
95,-51,-53
113,-47,-71
116,-52,-92
108,-46,-124
110,-44,-130
110,-52,-158
113,-43,-167
115,-39,-175
117,-37,-165
131,-23,-177
133,-11,-193
139,-17,-189
127,-9,-191
126,-4,-208
130,-8,-224
124,-4,-220
